id_musica,nome_musica,artista,album,popularidade,duracao,genero,data_lancamento,playlist_nome,playlist_id
5vNRhkKd0yEAg8suGBpjeY,APT.,ROSÉ,APT.,,169917,,2024-10-18,Spotify Search,spotify_search
6qqrTXSdwiJaq8SO0X2lSe,Ordinary,Alex Warren,Ordinary,,186964,,2025-02-07,Spotify Search,spotify_search
4icM6ny646bWf318ws9LWz,chiclona,Peso Pluma,chiclona,,161620,,2026-02-25,Spotify Search,spotify_search
57bgtoPSgt236HzfBOd8kj,Thunderstruck,AC/DC,The Razors Edge,,292333,,1990-09-24,Spotify Search,spotify_search
7gtG45ieyQzKtNKobfLd49,American Girls,Harry Styles,"Kiss All The Time. Disco, Occasionally.",,213440,,2026-03-06,Spotify Search,spotify_search
2bCQHF9gdG5BNDVuEIEnNk,Smooth Criminal - 2012 Remaster,Michael Jackson,Bad 25th Anniversary,,257766,,2012-09-18,Spotify Search,spotify_search
312z6PZ8wwREck8613PkJk,A Couple Minutes,Olivia Dean,The Art of Loving,,212000,,2025-09-26,Spotify Search,spotify_search
2ZCe5vjgNDAmoWe73C46nc,damned,Miguel,Wildheart (Deluxe Version),,206187,,2015-06-26,Spotify Search,spotify_search
1ixbwbeBi5ufN4noUKmW5a,Paper Planes,M.I.A.,Kala,,205200,,2007-08-20,Spotify Search,spotify_search
3fF0696fsyJP7zXqhQ7GLC,Atmospheric White Noise,Abstract Time,Atmospheric White Noise,,148959,,2026-03-06,Spotify Search,spotify_search
5vNRhkKd0yEAg8suGBpjeY,APT.,ROSÉ,APT.,,169917,,2024-10-18,Spotify Search,spotify_search
3GCdLUSnKSMJhs4Tj6CV3s,"All The Stars (with SZA) - From ""Black Panther: The Album""",Kendrick Lamar,Black Panther The Album Music From And Inspired By,,232186,,2018-02-09,Spotify Search,spotify_search
4icM6ny646bWf318ws9LWz,chiclona,Peso Pluma,chiclona,,161620,,2026-02-25,Spotify Search,spotify_search
58ge6dfP91o9oXMzq3XkIS,505,Arctic Monkeys,Favourite Worst Nightmare (Standard Version),,253586,,2007-04-24,Spotify Search,spotify_search
2UREu1Y8CO4jXkbvqAtP7g,Monster,Skillet,Awake,,178013,,2009-08-21,Spotify Search,spotify_search
6GG4yyk3UATdBfTHVgI8PB,Ain't No Love In Oklahoma (From Twisters: The Album),Luke Combs,Ain't No Love In Oklahoma (From Twisters: The Album),,210950,,2024-05-16,Spotify Search,spotify_search
0GjEhVFGZW8afUYGChu3Rr,Dancing Queen,ABBA,Arrival,,230400,,1976,Spotify Search,spotify_search
5eZT30V5rwLbsal1MMkOxD,American Cars,Noah Kahan,The Great Divide: The Last Of The Bugs,,272084,,2026-04-25,Spotify Search,spotify_search
0GROiXm03OrMC5ltXLhGIu,The Party & The After Party,The Weeknd,House Of Balloons (Original),,459659,,2011-03-21,Spotify Search,spotify_search
1ACZpHI5vZ5Ea4xGlkdGWM,Crazy Rap (Colt 45 & 2 Zig Zags),Afroman,The Good Times,,328666,,2001-08-28,Spotify Search,spotify_search
5CnyWDjFwt7g0yPD2zdA4W,Ayúdame,LOS DOS DE TAMAULIPAS,Ayúdame,,161348,,2026-03-27,Spotify Search,spotify_search
4Dvkj6JhhA12EX05fT7y2e,As It Was,Harry Styles,Harry's House,,167303,,2022-05-20,Spotify Search,spotify_search
2pbSCYzxrG0wa6qcj8IyiE,Cuando No Era Cantante - Remix,El Bogueto,Cuando No Era Cantante (Remix),,327488,,2025-12-10,Spotify Search,spotify_search
2JJSGhPpATm8lXeYjD95fw,Desvelado,Bobby Pulido,Desvelado,,221226,,1995-01-01,Spotify Search,spotify_search
5enxwA8aAbwZbf5qCHORXi,All Too Well (10 Minute Version) (Taylor's Version) (From The Vault),Taylor Swift,Red (Taylor's Version),,613026,,2021-11-12,Spotify Search,spotify_search
5eZT30V5rwLbsal1MMkOxD,American Cars,Noah Kahan,The Great Divide: The Last Of The Bugs,,272084,,2026-04-25,Spotify Search,spotify_search
0TlcczkVTGpinpkGJpT81L,Drag Path,Twenty One Pilots,Drag Path,,224000,,2026-02-17,Spotify Search,spotify_search
0GROiXm03OrMC5ltXLhGIu,The Party & The After Party,The Weeknd,House Of Balloons (Original),,459659,,2011-03-21,Spotify Search,spotify_search
3WRgRy12YW4I9mjodKXWwy,American Cars,Noah Kahan,The Great Divide,,272084,,2026-04-24,Spotify Search,spotify_search
1ACZpHI5vZ5Ea4xGlkdGWM,Crazy Rap (Colt 45 & 2 Zig Zags),Afroman,The Good Times,,328666,,2001-08-28,Spotify Search,spotify_search
5XeFesFbtLpXzIVDNQP22n,I Wanna Be Yours,Arctic Monkeys,AM,,183956,,2013-09-09,Spotify Search,spotify_search
1cOboCuWYI2osTOfolMRS6,Tu Boda,Oscar Maydon,Tu Boda,,225880,,2024-09-26,Spotify Search,spotify_search
02FkZqM5go6FyrOS85qzAa,Everglades,AZIEDOESNTEXIST,Everglades,,108505,,2026-03-12,Spotify Search,spotify_search
3oEkrIfXfSh9zGnE7eBzSV,The Winner Takes It All,ABBA,Super Trouper,,294720,,1980,Spotify Search,spotify_search
5SkRLpaGtvYPhw02vZhQQ9,All Falls Down,Kanye West,The College Dropout,,223506,,2004-02-10,Spotify Search,spotify_search
2x1jP9BexWtOKudvuUHbaD,Home,Edward Sharpe & The Magnetic Zeros,Up from Below,,303200,,2009-07-14,Spotify Search,spotify_search
5enxwA8aAbwZbf5qCHORXi,All Too Well (10 Minute Version) (Taylor's Version) (From The Vault),Taylor Swift,Red (Taylor's Version),,613026,,2021-11-12,Spotify Search,spotify_search
2MLHyLy5z5l5YRp7momlgw,Island In The Sun,Weezer,Weezer,,200306,,2001-05-15,Spotify Search,spotify_search
0TlcczkVTGpinpkGJpT81L,Drag Path,Twenty One Pilots,Drag Path,,224000,,2026-02-17,Spotify Search,spotify_search
3d9DChrdc6BOeFsbrZ3Is0,Under the Bridge,Red Hot Chili Peppers,Blood Sugar Sex Magik (Deluxe Edition),,264306,,1991-09-24,Spotify Search,spotify_search
5XeFesFbtLpXzIVDNQP22n,I Wanna Be Yours,Arctic Monkeys,AM,,183956,,2013-09-09,Spotify Search,spotify_search
02FkZqM5go6FyrOS85qzAa,Everglades,AZIEDOESNTEXIST,Everglades,,108505,,2026-03-12,Spotify Search,spotify_search
2Mgur7BKnpr7OG3izSNFTA,Esclava - Remix,Bryant Myers,Esclava (Remix),,281545,,2016-05-01,Spotify Search,spotify_search
2WfaOiMkCvy7F5fcp2zZ8L,Take on Me,a-ha,Hunting High and Low,,225280,,1985-06-01,Spotify Search,spotify_search
54eZmuggBFJbV7k248bTTt,A Horse with No Name,America,America,,252239,,1972,Spotify Search,spotify_search
1f5cbQtDrykjarZVrShaDI,Drowning (feat. Kodak Black),A Boogie Wit da Hoodie,The Bigger Artist,,209269,,2017-09-29,Spotify Search,spotify_search
3AoeaZs8dFemFJr3JdzOL0,You Are Not Alone,Michael Jackson,"HIStory - PAST, PRESENT AND FUTURE - BOOK I",,344826,,1995-06-16,Spotify Search,spotify_search
3d9DChrdc6BOeFsbrZ3Is0,Under the Bridge,Red Hot Chili Peppers,Blood Sugar Sex Magik (Deluxe Edition),,264306,,1991-09-24,Spotify Search,spotify_search
0JJP0IS4w0fJx01EcrfkDe,"Dear Maria, Count Me In",All Time Low,"So Wrong, It's Right",,182826,,2007-09-25,Spotify Search,spotify_search
2O4dfLvOE0VBqDmGQiw7fR,A Few Of Your Own,Noah Kahan,The Great Divide: The Last Of The Bugs,,270069,,2026-04-25,Spotify Search,spotify_search
